scenario,seed,method,params,interval_slots,telemetry_delay_slots,wall_s,realised_load,mantissa_bits,violation_ratio,weighted_violation_ratio,violation_ratio_ll,violation_ratio_embb,served_ratio,fh_utilisation,fh_allocated_fraction,fh_unused_allocation_fraction,offered_fh_load,mean_queueing_delay_ms,p99_queueing_delay_ms,mean_backlog_bits,jain_fairness_service_ratio,min_cell_service_ratio,residual_backlog_bits,decision_time_ms_mean,decision_time_ms_p95,num_decisions,slots_counted,controller_stats
moderate,3000,reactive_prop,"{""margin"": 0.0, ""ewma_window"": 20}",20,2,1.2709784720000243,0.4348285553388525,6,0.0007806853839503892,0.0007157899647277034,0.0005755157608317794,0.0008424260943035521,0.9992961897160805,0.43683502380865885,1.0,0.5631649761913411,0.43656912677766607,0.7618364139105599,6.5,1688444.7967399836,0.9999991862837155,0.9977844059691225,290768.0128004678,0.03276494801230001,0.03930660004698438,1000,19000,
moderate,3000,queue_aware,"{""margin"": 0.0, ""num_horizons"": 1}",20,2,1.3941483540002082,0.4348285553388525,6,0.0007927111435963713,0.0006093878242376633,0.0002131266861385431,0.0009671227137361281,0.9993010201590363,0.436825536554224,1.0,0.563174463445776,0.43656912677766607,1.0554978344967498,7.5,2335363.6003879276,0.9999988847705185,0.9974399216866928,0.0,0.08609837097901618,0.11076269970544671,1000,19000,
moderate,3000,point_forecast,"{""margin"": 0.0}",20,2,3.6292801660001714,0.4348285553388525,6,0.000670991582849541,0.00046872792879016907,3.152645309123834e-05,0.0008634227564182078,0.9994243438438528,0.4368891739843312,1.0,0.5631108260156688,0.43656912677766607,1.0222868894822028,7.0,2260716.1766192704,0.9999990997446425,0.9977368171781762,69699.9078159848,2.2824017940019985,2.527413850020821,1000,19000,
moderate,3000,proposed,{},20,2,3.706550199999583,0.4348285553388525,6,0.0005850321018817498,0.0003999856854909722,0.0,0.0007610830055221093,0.9995119996990797,0.43693804681237225,1.0,0.5630619531876278,0.43656912677766607,0.8826977168648089,6.0,1952391.9166523751,0.9999992799533189,0.9979208019522217,94821.28338240332,2.351534313994307,2.6011332006874,1000,19000,"{""decisions"": 1000, ""scored_horizons"": 998, ""delta_mean_abs"": 0.0}"
moderate,3001,reactive_prop,"{""margin"": 0.0, ""ewma_window"": 20}",20,2,1.2772373909992893,0.4322189779396321,6,0.0017762920567161648,0.0023219960560182176,0.0034051907911820246,0.0012278225543064325,0.9980308590331544,0.4317804720296911,1.0,0.568219527970309,0.43222733056206797,0.8806847835719986,8.5,1990404.6125911144,0.999994257932433,0.9921898917664015,4356642.6523438115,0.03545884301274782,0.046610049685114056,1000,19000,
moderate,3001,queue_aware,"{""margin"": 0.0, ""num_horizons"": 1}",20,2,1.359135578999485,0.4322189779396321,6,0.0015094315932853745,0.00141956711552771,0.0012411906892785993,0.0015997514836711794,0.9983472661707755,0.4319496464362883,1.0,0.5680503535637117,0.43222733056206797,1.1267045501968977,9.5,2543747.9038832798,0.999994619598726,0.9922162418214834,4622042.464946462,0.08445662800386344,0.11337245032336794,1000,19000,
moderate,3001,point_forecast,"{""margin"": 0.0}",20,2,3.588955944999725,0.4322189779396321,6,0.0013499907010961916,0.001169633832731222,0.0008116346051033654,0.0015312615768362085,0.9985016248767783,0.43200297857319525,1.0,0.5679970214268047,0.43222733056206797,1.0795194668918053,9.0,2437241.914402977,0.9999941133675899,0.9920486824968486,4590827.519720448,2.283098796990089,2.504596400376613,1000,19000,
moderate,3001,proposed,{},20,2,3.5600991339997563,0.4322189779396321,6,0.0008051253931997658,0.0006511241084489028,0.0003454393763158257,0.0009599071212534263,0.9990694622959108,0.43223124131628904,1.0,0.567768758683711,0.43222733056206797,0.9501184608502677,8.0,2139167.6863666195,0.9999942479657898,0.9924898770089406,4130358.145888956,2.265720472002613,2.432139050006299,1000,19000,"{""decisions"": 1000, ""scored_horizons"": 998, ""delta_mean_abs"": 0.0}"
moderate,3002,reactive_prop,"{""margin"": 0.0, ""ewma_window"": 20}",20,2,1.2214571479998995,0.4175033655990312,6,0.0007299697636935008,0.0007516843655090941,0.0007934841319023235,0.0007076834139539676,0.9992881053566894,0.4173295778573161,1.0,0.5826704221426839,0.4170896842333581,0.755439591371338,7.5,1616724.9046338678,0.9999991016072364,0.9975788338068029,646884.8245000622,0.03161953400103812,0.038300099731714,1000,19000,
moderate,3002,queue_aware,"{""margin"": 0.0, ""num_horizons"": 1}",20,2,1.2639137759997539,0.4175033655990312,6,0.0008636241931023976,0.0006676557428977175,0.0002904240759962074,0.0010647525147849761,0.9991618856881403,0.4172551463059792,1.0,0.5827448536940208,0.4170896842333581,0.9923002372807757,8.0,2124663.585803907,0.9999982078274801,0.9964538930731379,530699.5299241404,0.07471366799836687,0.08699349941707621,1000,19000,
moderate,3002,point_forecast,"{""margin"": 0.0}",20,2,3.5821783339997637,0.4175033655990312,6,0.0006853241064058882,0.000497940021282792,0.0001372329242578862,0.0008776420357025179,0.999345134206815,0.4173501186111339,1.0,0.5826498813888661,0.4170896842333581,0.9515538353495958,7.5,2035368.6819617245,0.9999985402640227,0.9967520081337308,429821.0937509792,2.2574984300108554,2.53130754972517,1000,19000,
moderate,3002,proposed,{},20,2,3.5894505229998686,0.4175033655990312,6,0.00041167563153273726,0.0002709299598364461,0.0,0.0005561271526974752,0.9996250659551862,0.41750093702597735,1.0,0.5824990629740227,0.4170896842333581,0.8300275643617739,6.5,1772476.5804201916,0.9999993827340916,0.9979970361263167,283091.08762712637,2.2928398529929837,2.4129679999532527,1000,19000,"{""decisions"": 1000, ""scored_horizons"": 998, ""delta_mean_abs"": 0.0}"
moderate,3000,reactive_prop,"{""margin"": 0.0, ""ewma_window"": 20}",20,2,1.2608737870004916,0.6407999762888352,9,0.016570096858785844,0.03142976314354265,0.06354956271060826,0.0024327915910033024,0.9834251188275274,0.6320162126480731,1.0,0.36798378735192694,0.6433650289355078,1.813426955202657,9.5,4027955.204291438,0.9990639968892899,0.9287202348299212,5068021.297590246,0.03259672300100647,0.040077400035443134,1000,19000,
moderate,3000,queue_aware,"{""margin"": 0.0, ""num_horizons"": 1}",20,2,1.3061198770001283,0.6407999762888352,9,0.035887778852410526,0.033036598393342366,0.026873650779320486,0.03860035716681933,0.9636582838996912,0.6208233589457166,1.0,0.37917664105428334,0.6433650289355078,2.9986567602985645,10.0,7041245.364545635,0.999859124889151,0.9508022735501279,15089787.391799927,0.0790438209887725,0.094283149792318,1000,19000,
moderate,3000,point_forecast,"{""margin"": 0.0}",20,2,3.563285365000411,0.6407999762888352,9,0.028486904347584368,0.023852654395115653,0.013835526367841487,0.032895873230853544,0.971497510206974,0.6256913658582718,1.0,0.3743086341417282,0.6433650289355078,2.797784728262098,10.0,6546990.851456699,0.9998249784768679,0.9590335404792161,5365842.437397873,2.249027053017926,2.3793724504685088,1000,19000,
moderate,3000,proposed,{},20,2,4.418722827000238,0.6407999762888352,9,0.01728535056775132,0.015357657317468921,0.011190866513467417,0.019119334415009178,0.9825290899578287,0.6324355756518716,1.0,0.36756442434812836,0.6433650289355078,2.683330016829749,10.0,6133881.4118747,0.9999522183771741,0.9737464503995141,9249408.842391463,3.120955814993067,3.448405699873547,1000,19000,"{""decisions"": 1000, ""scored_horizons"": 998, ""delta_mean_abs"": 0.0}"
moderate,3001,reactive_prop,"{""margin"": 0.0, ""ewma_window"": 20}",20,2,1.2362871409995932,0.6369542832794578,9,0.0216060068434027,0.03801842450977522,0.07059624037746494,0.005110414796562127,0.9782222428055173,0.6222002662497199,1.0,0.37779973375028003,0.6369665924072581,1.8864741552123954,10.0,4292001.766964677,0.998956431988398,0.9286446943118656,9032035.442496661,0.031257229020411614,0.03634905033322866,1000,19000,
moderate,3001,queue_aware,"{""margin"": 0.0, ""num_horizons"": 1}",20,2,1.2693983050003226,0.6369542832794578,9,0.045222511271416084,0.04030977389885311,0.03055823961651553,0.05016014527381578,0.9548261890636268,0.6088880158781156,1.0,0.39111198412188447,0.6369665924072581,2.9833219323292837,10.0,7239192.744169401,0.9996854568805272,0.9301108189110207,10167418.459688716,0.0754132429983656,0.08783435014265706,1000,19000,
moderate,3001,point_forecast,"{""margin"": 0.0}",20,2,3.4996618929999386,0.6369542832794578,9,0.037802332576264704,0.030751562877094116,0.016756142966735846,0.04488883396429873,0.9622690439990559,0.6134436726985173,1.0,0.38655632730148265,0.6369665924072581,2.7785485590190393,10.0,6744872.979417573,0.9996102924514673,0.9392006428291683,9347163.785314238,2.2076525970205694,2.3340660000485514,1000,19000,
moderate,3001,proposed,{},20,2,4.425462858999708,0.6369542832794578,9,0.02330097200301644,0.01947371953945376,0.011876817695274416,0.027147620107064434,0.9766949125406651,0.6222241122371797,1.0,0.37777588776282034,0.6369665924072581,2.6956974623357532,10.0,6352548.905419595,0.9998232276902717,0.9582864746489168,9260752.627735438,3.151370377020612,3.4609214996635274,1000,19000,"{""decisions"": 1000, ""scored_horizons"": 998, ""delta_mean_abs"": 0.0}"
moderate,3002,reactive_prop,"{""margin"": 0.0, ""ewma_window"": 20}",20,2,1.2356079290002526,0.615268117724888,9,0.018610973526028498,0.03331874124902282,0.061630623742100134,0.0035159486139398474,0.9813356520126366,0.6025149037511874,1.0,0.39748509624881256,0.6146584820281067,1.796192809060163,9.5,3870626.896207982,0.9991141537854231,0.9273183729236274,3179204.0526093226,0.031470095995246083,0.03634200038504787,1000,19000,
moderate,3002,queue_aware,"{""margin"": 0.0, ""num_horizons"": 1}",20,2,1.2867598879993238,0.615268117724888,9,0.03176245770562807,0.030036723792894057,0.026714752935599537,0.03353363038764081,0.9677294741702547,0.5938192042074001,1.0,0.4061807957925999,0.6146584820281067,2.768882979220149,10.0,6260153.269698718,0.999807832641816,0.9368779753753769,12341009.883386873,0.07692758300618152,0.09017864995257696,1000,19000,
moderate,3002,point_forecast,"{""margin"": 0.0}",20,2,3.5750385459996323,0.615268117724888,9,0.025382929559899552,0.021398379247040772,0.013728274417397365,0.029472393533554738,0.9740807848324878,0.5981041311517339,1.0,0.4018958688482661,0.6146584820281067,2.488310356067065,10.0,5638532.978845632,0.999787975928084,0.9439578229261086,12902935.497234592,2.2591161309965173,2.3861491999014106,1000,19000,
moderate,3002,proposed,{},20,2,4.369007107000471,0.615268117724888,9,0.014691131722138411,0.013259307909534768,0.010503102597028567,0.016160655617813144,0.9847972133838311,0.6049003404876364,1.0,0.3950996595123636,0.6146584820281067,2.3399961100027906,10.0,5171039.01264068,0.9999393756804568,0.9710306232124554,12579155.582372487,3.076282354995783,3.456310200135704,1000,19000,"{""decisions"": 1000, ""scored_horizons"": 998, ""delta_mean_abs"": 0.0}"
moderate,3000,reactive_prop,"{""margin"": 0.0, ""ewma_window"": 20}",20,2,1.307865402999596,0.8467713972388181,12,0.06377613255847543,0.10292288474339696,0.1875402516334668,0.02653238998209048,0.9360581739311524,0.7921952287336773,1.0,0.2078047712663227,0.8501609310933499,3.2989679693726464,10.0,7432135.22492019,0.9926347673694486,0.803960333783488,10489785.868867723,0.033153371017760946,0.037771049983348334,1000,19000,
moderate,3000,queue_aware,"{""margin"": 0.0, ""num_horizons"": 1}",20,2,1.236659660999976,0.8467713972388181,12,0.1602662643487456,0.12834425750168224,0.05934348439832098,0.19063647232711164,0.8391981508998889,0.7138823612187036,1.0,0.28611763878129637,0.8501609310933499,5.1868149310273175,10.0,12862325.067598155,0.9934120070712456,0.7663201694833159,19379828.966828775,0.07838541997898574,0.08856375025061425,1000,19000,
moderate,3000,point_forecast,"{""margin"": 0.0}",20,2,3.482961876000445,0.8467713972388181,12,0.15420429625959398,0.11711250105162524,0.03693701091395426,0.1894929778313356,0.8452334863602539,0.7191670008388082,1.0,0.28083299916119175,0.8501609310933499,5.159287645733992,10.0,12838492.036119765,0.9917120011054439,0.7696933456727384,19390122.678083375,2.208988226002475,2.3287549501219473,1000,19000,
moderate,3000,proposed,{},20,2,4.590572402999896,0.8467713972388181,12,0.1425562249493948,0.10848226588725826,0.03482995670620215,0.174973774018952,0.8568833347017166,0.7302475432796084,1.0,0.26975245672039155,0.8501609310933499,4.94761840473367,10.0,12324229.36020624,0.9934510104516855,0.7969046672380923,19432730.728596237,3.3384155020112303,3.4894796504431724,1000,19000,"{""decisions"": 1000, ""scored_horizons"": 998, ""delta_mean_abs"": 0.0}"
moderate,3001,reactive_prop,"{""margin"": 0.0, ""ewma_window"": 20}",20,2,1.2859351209999659,0.8416895886192837,12,0.07489785805416954,0.1155657233716313,0.19628937146394176,0.034023897292910464,0.9250026893431925,0.774811075432329,1.0,0.22518892456767106,0.8417058542524483,3.143997559283335,10.0,7292440.483856881,0.9922362377293282,0.7984831369664485,11957429.475545151,0.03325540800142335,0.03888835035468218,1000,19000,
moderate,3001,queue_aware,"{""margin"": 0.0, ""num_horizons"": 1}",20,2,1.2493940609992933,0.8416895886192837,12,0.1724422722251034,0.13587828648012645,0.06330063099983153,0.2091915558904478,0.8276217543161922,0.7021000145022672,1.0,0.2978999854977328,0.8417058542524483,5.005739834185866,10.0,12828097.160014467,0.9930261187331001,0.7534294334126339,14132560.890750036,0.07986698698914552,0.09191480021399911,1000,19000,
moderate,3001,point_forecast,"{""margin"": 0.0}",20,2,3.4953303940001206,0.8416895886192837,12,0.16525427639325993,0.12312157369948165,0.03949029777976547,0.20760049799176242,0.8348524685062115,0.7089565791371454,1.0,0.29104342086285456,0.8417058542524483,5.01080190155686,10.0,12864706.892500566,0.9910838971629147,0.7568200090881987,13691176.94680437,2.23486520001552,2.356911300103093,1000,19000,
moderate,3001,proposed,{},20,2,4.563503989999845,0.8416895886192837,12,0.1615724752987747,0.1200390240784031,0.03759723191153367,0.20331640855440625,0.8384544495627339,0.7112645972731467,1.0,0.2887354027268533,0.8417058542524483,4.692711595020675,10.0,12235933.383508373,0.9913336938811264,0.7706327581653376,15416471.490435978,3.316181689997393,3.466774350408741,1000,19000,"{""decisions"": 1000, ""scored_horizons"": 998, ""delta_mean_abs"": 0.0}"
moderate,3002,reactive_prop,"{""margin"": 0.0, ""ewma_window"": 20}",20,2,1.2749310180006432,0.813032869850745,12,0.06305925248105146,0.10305595616789667,0.18004805967535228,0.022009431058427044,0.9364434820017238,0.7568334434093988,1.0,0.2431665565906012,0.8122272798228553,3.052849569265885,10.0,6628332.496140176,0.9930005057989267,0.8093789884400132,13160086.254806347,0.03281838598923059,0.03687364946927117,1000,19000,
moderate,3002,queue_aware,"{""margin"": 0.0, ""num_horizons"": 1}",20,2,1.282298050999998,0.813032869850745,12,0.1439867471468835,0.1142459812539492,0.056996160270003704,0.17451059077249126,0.8555312719690362,0.6944785463450504,1.0,0.3055214536549497,0.8122272798228553,4.761634801570948,10.0,11476296.61722256,0.9950910117641373,0.7777350072237585,14562647.768973267,0.08149221400526585,0.0935350999043294,1000,19000,
moderate,3002,point_forecast,"{""margin"": 0.0}",20,2,3.49564289799946,0.813032869850745,12,0.1365107621101081,0.1021419280515233,0.03598325532721508,0.1717845314600742,0.8630515174813354,0.7008987392805622,1.0,0.29910126071943777,0.8122272798228553,4.6822955279439,10.0,11340196.442132749,0.993650127087307,0.7797652807839828,15099495.605302714,2.2383647099859445,2.347121799857632,1000,19000,
moderate,3002,proposed,{},20,2,4.698574236999775,0.813032869850745,12,0.12800455747366055,0.09617670439738522,0.03490932152366513,0.16067044152440899,0.8714955543295825,0.7076463955481312,1.0,0.2923536044518688,0.8122272798228553,4.481158504625725,10.0,10876219.466667637,0.9945512616012735,0.7948620244238003,15111817.614417002,3.4398464559844797,3.5675468996032578,1000,19000,"{""decisions"": 1000, ""scored_horizons"": 998, ""delta_mean_abs"": 0.0}"
moderate,3000,reactive_prop,"{""margin"": 0.0, ""ewma_window"": 20}",20,2,1.2885503759998755,0.9840856778721399,14,0.11275975460465323,0.16123981884503763,0.2660315360047274,0.06663641277219971,0.8869600001376627,0.8709787478675676,1.0,0.12902125213243246,0.9880248658652444,4.357104177092735,10.0,9898868.243212488,0.9871018867595359,0.7256357491741503,13777750.031257866,0.033745278004971624,0.03799899932346306,1000,19000,
moderate,3000,queue_aware,"{""margin"": 0.0, ""num_horizons"": 1}",20,2,1.1909145429999626,0.9840856778721399,14,0.24941131172164635,0.19596160907962598,0.08042780752029645,0.30026270691735024,0.7503988661670591,0.7425442604838172,1.0,0.25745573951618284,0.9880248658652444,5.985886002271446,10.0,15037535.825409947,0.980090928906755,0.6525455158495832,19431833.209526114,0.07720140801666275,0.08646960004625726,1000,19000,
moderate,3000,point_forecast,"{""margin"": 0.0}",20,2,3.4290216449999207,0.9840856778721399,14,0.24234367778966942,0.18431167564628007,0.05887303916537393,0.29755461684307843,0.7574270803780886,0.7500470405625591,1.0,0.24995295943744092,0.9880248658652444,6.00605388566515,10.0,15096844.94815995,0.9774981021533197,0.6575362888554502,19430950.891418576,2.215313933003017,2.336400649846837,1000,19000,
moderate,3000,proposed,{},20,2,4.477871079000579,0.9840856778721399,14,0.26643679311458646,0.19534700901368404,0.04168342244113248,0.3340707466634739,0.7331366221550379,0.7282657393651207,1.0,0.27173426063487927,0.9880248658652444,5.682075144801819,10.0,14856790.068369962,0.9661334212045066,0.630367692286839,19432730.728596237,3.3129077510193383,3.459434149772278,1000,19000,"{""decisions"": 1000, ""scored_horizons"": 998, ""delta_mean_abs"": 0.0}"
moderate,3001,reactive_prop,"{""margin"": 0.0, ""ewma_window"": 20}",20,2,1.2818262460004917,0.9781797921791674,14,0.12485150279552344,0.1747865207819051,0.27390499646164734,0.07466342555430766,0.8751259986310322,0.8510596121530194,1.0,0.14894038784698066,0.978198695482575,4.0687534480456815,10.0,9516274.480746903,0.9865040366524167,0.7191876386948083,13711813.783862378,0.032616364984278334,0.034817349751392605,1000,19000,
moderate,3001,queue_aware,"{""margin"": 0.0, ""num_horizons"": 1}",20,2,1.173073734999889,0.9781797921791674,14,0.2566211732956747,0.1995130253480504,0.08615625084953211,0.3140187322808303,0.7429770387948393,0.7369980873605149,1.0,0.2630019126394851,0.978198695482575,5.882217351782438,10.0,15122832.963754607,0.9805322234268703,0.6423375702839007,24672001.415164273,0.07628111699432338,0.0846427497890545,1000,19000,
moderate,3001,point_forecast,"{""margin"": 0.0}",20,2,3.575577863000035,0.9781797921791674,14,0.25035073131488905,0.18822252260885924,0.06490118235553252,0.3127937915786696,0.7492220165619639,0.7436440532189661,1.0,0.25635594678103396,0.978198695482575,5.933928585802398,10.0,15247966.843319278,0.9774349952936494,0.6465235161276642,25245217.637602795,2.3375606569925367,2.4656285498167563,1000,19000,
moderate,3001,proposed,{},20,2,4.5134027439999045,0.9781797921791674,14,0.28876207294304124,0.20676903317369036,0.04401701172647764,0.37117063469240363,0.7108289589282428,0.7076793496988765,1.0,0.29232065030112353,0.978198695482575,5.461001346469435,10.0,14939607.377933877,0.9581580497015167,0.5963518994845394,24875284.830591083,3.3487017910047143,3.5062343000390683,1000,19000,"{""decisions"": 1000, ""scored_horizons"": 998, ""delta_mean_abs"": 0.0}"
moderate,3002,reactive_prop,"{""margin"": 0.0, ""ewma_window"": 20}",20,2,1.3065298999999868,0.9448760379346495,14,0.10547858129333024,0.15643466529023142,0.25452315088496685,0.05318081783646294,0.8940119390559538,0.8373327710204367,1.0,0.16266722897956332,0.9439398116860208,3.909619061573199,10.0,8554590.56788998,0.9873278687467623,0.7341996956408624,14191772.533000566,0.034286167004211165,0.038367050456145066,1000,19000,
moderate,3002,queue_aware,"{""margin"": 0.0, ""num_horizons"": 1}",20,2,1.2347721010000896,0.9448760379346495,14,0.2273646765738027,0.17679012701532917,0.07943608041849406,0.27927085974728805,0.7721670708811534,0.7305440072480051,1.0,0.269455992751995,0.9439398116860208,5.587792152492233,10.0,13661596.84452894,0.9847450379356419,0.6773623356415877,15577510.089138284,0.0809144470067622,0.09259129997190028,1000,19000,
moderate,3002,point_forecast,"{""margin"": 0.0}",20,2,3.478130946999954,0.9448760379346495,14,0.22096605685454165,0.16524813932282503,0.05799330883956412,0.2781510334622448,0.7786628806373653,0.7372281741515283,1.0,0.26277182584847175,0.9439398116860208,5.610622305078275,10.0,13734363.706019362,0.9818783723956751,0.6756877240536494,15340691.89070417,2.248700578982607,2.4564919000567893,1000,19000,
moderate,3002,proposed,{},20,2,4.670848855999793,0.9448760379346495,14,0.24864448880456944,0.17818499787107023,0.04255321027406368,0.32095918611049895,0.7509887211844776,0.712088477294843,1.0,0.28791152270515696,0.9439398116860208,5.21335654207472,10.0,13426682.762376688,0.9701327700515411,0.6406010252431062,15689779.744267214,3.4582268090043726,3.6265419500523417,1000,19000,"{""decisions"": 1000, ""scored_horizons"": 998, ""delta_mean_abs"": 0.0}"
