scenario,seed,method,params,interval_slots,telemetry_delay_slots,wall_s,realised_load,violation_ratio,weighted_violation_ratio,violation_ratio_ll,violation_ratio_embb,served_ratio,fh_utilisation,fh_allocated_fraction,fh_unused_allocation_fraction,offered_fh_load,mean_queueing_delay_ms,p99_queueing_delay_ms,mean_backlog_bits,jain_fairness_service_ratio,min_cell_service_ratio,residual_backlog_bits,decision_time_ms_mean,decision_time_ms_p95,num_decisions,slots_counted,controller_stats
moderate,2000,reactive_prop,"{""margin"": 0.0, ""ewma_window"": 20}",20,2,1.2555874009995023,0.64513853335966,0.019414891239249138,0.03459648935677453,0.06847107695528647,0.005247388415345488,0.9805575115053974,0.6282006341313091,1.0,0.3717993658686909,0.6406185520995997,1.913136297104256,10.0,4236949.339062483,0.9989099782015141,0.9196665320870318,5607295.303532228,0.032042432982962055,0.03744720015674829,1000,19000,
moderate,2001,reactive_prop,"{""margin"": 0.0, ""ewma_window"": 20}",20,2,1.2550281239991818,0.656806738891215,0.021553779678177693,0.03580980147427047,0.06960000596902689,0.008708849145026221,0.9785946562934758,0.6456660116460575,1.0,0.3543339883539424,0.661055936494194,2.2624233885558085,10.0,5286002.374549536,0.9989048730531029,0.9169379074399159,3563248.33920146,0.03213715799665806,0.03646925042630755,1000,19000,
moderate,2002,reactive_prop,"{""margin"": 0.0, ""ewma_window"": 20}",20,2,1.2763182230000893,0.6393961911166064,0.0219355859312159,0.03934092359332402,0.07107161188057846,0.003366270305757519,0.9779944173374043,0.6243620623196081,1.0,0.37563793768039183,0.6388573020527858,1.853136711764388,9.5,4064690.8711265116,0.9988583599894828,0.9201448504008689,8459884.408525934,0.03217140697506693,0.036732199896505335,1000,19000,
moderate,2003,reactive_prop,"{""margin"": 0.0, ""ewma_window"": 20}",20,2,1.2605497949998608,0.6571917781018464,0.03688029828290053,0.049732319392063316,0.07879333969289054,0.024981313060688563,0.963245523269807,0.6348678957754986,1.0,0.36513210422450143,0.6579528422850036,2.4469004735886184,10.0,6103282.705688771,0.9988642132329959,0.9154693461227337,256457.54650463542,0.0316654759890298,0.036079499977859086,1000,19000,
high,2000,reactive_prop,"{""margin"": 0.0, ""ewma_window"": 20}",20,2,1.2563012910004545,0.7940166564426582,0.05865629624862749,0.08353536044655846,0.13904783238908297,0.03543909542749801,0.9416584293157634,0.7415644731950977,1.0,0.25843552680490234,0.7884536025841227,3.2451006580124075,10.0,9083137.94510438,0.9968194857172463,0.8527445482170112,8044568.105586578,0.03209384697856876,0.03576835010790091,1000,19000,
high,2001,reactive_prop,"{""margin"": 0.0, ""ewma_window"": 20}",20,2,1.264357087999997,0.8083775247891877,0.06413383034360243,0.08483731540058663,0.13390956036736767,0.04547962013301009,0.935969872593816,0.7574417696920278,1.0,0.24255823030797222,0.8136073064543927,3.4597760176303796,10.0,10281818.714276353,0.9966406992274753,0.8504941477223169,6973537.70498655,0.0326749069881771,0.03829650022453279,1000,19000,
high,2002,reactive_prop,"{""margin"": 0.0, ""ewma_window"": 20}",20,2,1.278154194000308,0.7869491582973615,0.058964469151150875,0.08632653381330767,0.1362087688808139,0.0297725726915995,0.9410166721934071,0.7384198607828224,1.0,0.2615801392171776,0.7862859102188133,2.848419203094313,10.0,7923492.983567524,0.9967672703266018,0.8553140026980014,12108708.821208892,0.03224366600443318,0.03632775005826261,1000,19000,
high,2003,reactive_prop,"{""margin"": 0.0, ""ewma_window"": 20}",20,2,1.2636287000004813,0.8088514192022725,0.08216603281983502,0.10394167419980524,0.1531808056042565,0.06200515440362054,0.9182876685941336,0.7460594859351978,1.0,0.25394051406480217,0.8097881135815428,3.2526546458670773,10.0,10268879.785895081,0.9958894492875502,0.8405478351087273,1453049.9780158899,0.03179003099012334,0.035564849531510845,1000,19000,
moderate,2000,reactive_prop,"{""margin"": 0.0, ""ewma_window"": 60}",20,2,1.2310609149999436,0.64513853335966,0.0200394884363191,0.03562747876338915,0.07040884629343423,0.00549273945323212,0.9799633172566052,0.6278235676169719,1.0,0.37217643238302817,0.6406185520995997,2.120751089825992,10.0,4682593.563013935,0.9988389215048253,0.9166622342476949,5376269.996183458,0.034686372969190415,0.03912970000783389,1000,19000,
moderate,2001,reactive_prop,"{""margin"": 0.0, ""ewma_window"": 60}",20,2,1.2511788170004365,0.656806738891215,0.02231422024005186,0.037192694012557585,0.07245825957732327,0.008908449346833148,0.9778293959118276,0.6450620848158007,1.0,0.35493791518419926,0.661055936494194,2.426394461470092,10.0,5655217.946597938,0.9988300452673581,0.9156531066365777,4060142.134796665,0.03636372600158211,0.04528239956016478,1000,19000,
moderate,2002,reactive_prop,"{""margin"": 0.0, ""ewma_window"": 60}",20,2,1.237749373999577,0.6393961911166064,0.02331513448917032,0.04082616845471644,0.07274954570455318,0.004633054144228372,0.9766077818414743,0.6234368909320903,1.0,0.37656310906790963,0.6388573020527858,2.034660363159422,10.0,4465206.330757636,0.9988314922324142,0.9155722388742327,8607027.955814479,0.0348146749956868,0.03959800051234196,1000,19000,
moderate,2003,reactive_prop,"{""margin"": 0.0, ""ewma_window"": 60}",20,2,1.2328571909993116,0.6571917781018464,0.03771246562607938,0.05159455716584011,0.08298477514231907,0.02485979438612628,0.9625289348551286,0.6341694082847503,1.0,0.3658305917152496,0.6579528422850036,2.5832923031415507,10.0,6410279.762026215,0.9987483374539519,0.9113914691073806,211545.8889782593,0.03492475100847514,0.04171134955868183,1000,19000,
high,2000,reactive_prop,"{""margin"": 0.0, ""ewma_window"": 60}",20,2,1.2544871179998154,0.7940166564426582,0.06423044989783701,0.09113677075003389,0.15117264547189577,0.039121408431753636,0.9361146582552171,0.7369767227923193,1.0,0.26302327720768076,0.7884536025841227,3.393547565727921,10.0,9497046.028313845,0.9962715455221086,0.8405739258186126,7746373.898870922,0.03560411700163968,0.03951745002268581,1000,19000,
high,2001,reactive_prop,"{""margin"": 0.0, ""ewma_window"": 60}",20,2,1.2454699800000526,0.8083775247891877,0.06921525793396482,0.09206679931247647,0.1462304550114268,0.04862561057085081,0.9309104724692532,0.7529478742731633,1.0,0.2470521257268367,0.8136073064543927,3.6105231683872114,10.0,10712014.08323471,0.9961235116760607,0.8397473858772014,6887522.703565568,0.03544270399106608,0.04034834992125979,1000,19000,
high,2002,reactive_prop,"{""margin"": 0.0, ""ewma_window"": 60}",20,2,1.2691308849998677,0.7869491582973615,0.06427676621739142,0.09373977678704251,0.1474521277071251,0.03284342357474131,0.9357481983002702,0.7341769509976386,1.0,0.2658230490023614,0.7862859102188133,2.982104113032936,10.0,8292240.723420993,0.9962178671532124,0.8445151160722385,12281437.714377623,0.03616936001890281,0.042178350167887395,1000,19000,
high,2003,reactive_prop,"{""margin"": 0.0, ""ewma_window"": 60}",20,2,1.2593791310000597,0.8088514192022725,0.08574596841762445,0.11055288142380433,0.16664633134503706,0.06277860096918579,0.9147875664250004,0.7427973783738729,1.0,0.25720262162612706,0.8097881135815428,3.3660881315095126,10.0,10570798.124722548,0.9950802641389523,0.8280792729228976,1360960.2623491117,0.03698147099385096,0.0401731494548585,1000,19000,
moderate,2000,reactive_prop,"{""margin"": 0.25, ""ewma_window"": 20}",20,2,1.255106016999889,0.64513853335966,0.02199893218264128,0.03868864846242657,0.0759282889625435,0.006424049967108723,0.9779499630148536,0.6265516591060654,1.0,0.3734483408939346,0.6406185520995997,1.9371387304027032,10.0,4304545.278927336,0.998704209417996,0.9180377634048424,5633561.240432074,0.03220107198740152,0.03679579972413194,1000,19000,
moderate,2001,reactive_prop,"{""margin"": 0.25, ""ewma_window"": 20}",20,2,1.2404760850004095,0.656806738891215,0.02414680778939233,0.03844837903476461,0.0723465466925824,0.011260836388024808,0.9760060389178697,0.6439504824992295,1.0,0.3560495175007706,0.661055936494194,2.255495752922218,10.0,5305772.1629598895,0.9988700607128388,0.9185017003790361,3617357.778455127,0.03213464598866267,0.03889159984282742,1000,19000,
moderate,2002,reactive_prop,"{""margin"": 0.25, ""ewma_window"": 20}",20,2,1.2358729119996497,0.6393961911166064,0.025075006793415643,0.042882733910977355,0.07534699569326787,0.006076392009978792,0.974831779485738,0.6223593522116526,1.0,0.37764064778834744,0.6388573020527858,1.8881165841204512,10.0,4173748.397761828,0.9987777552262234,0.9204849752031394,8717041.395362712,0.032284019001963316,0.03823799952442641,1000,19000,
moderate,2003,reactive_prop,"{""margin"": 0.25, ""ewma_window"": 20}",20,2,1.2393745099998341,0.6571917781018464,0.04076424896734224,0.05459597299663467,0.0858722998402102,0.02795821025760763,0.959377621460169,0.6323424263445258,1.0,0.36765757365547425,0.6579528422850036,2.4299916679378524,10.0,6103967.615776759,0.9986514592737512,0.9099226915870393,264443.2177816569,0.032670345000951784,0.03857210044770909,1000,19000,
high,2000,reactive_prop,"{""margin"": 0.25, ""ewma_window"": 20}",20,2,1.2494615679997878,0.7940166564426582,0.0657429991613053,0.08680353044564172,0.13379573813943488,0.04608926217433365,0.9346651592304501,0.7367766634844936,1.0,0.26322333651550645,0.7884536025841227,3.2679293272988787,10.0,9292098.644798134,0.9976405593513366,0.8628627258997781,8084780.179023414,0.0327202869921166,0.036627000099542784,1000,19000,
high,2001,reactive_prop,"{""margin"": 0.25, ""ewma_window"": 20}",20,2,1.2462617310002315,0.8083775247891877,0.07095915786905742,0.08746203698541455,0.1265778343705441,0.0560897687169799,0.9291457854133124,0.7523766143875049,1.0,0.24762338561249506,0.8136073064543927,3.462211065753411,10.0,10448667.100328084,0.9971859060550162,0.8602938854911312,7134891.67034775,0.03246512999157858,0.03547459959918342,1000,19000,
high,2002,reactive_prop,"{""margin"": 0.25, ""ewma_window"": 20}",20,2,1.2558339369998066,0.7869491582973615,0.06337491433093491,0.08723460504772948,0.1307318599394343,0.037919612270893494,0.9366029332800279,0.7352967274011586,1.0,0.26470327259884147,0.7862859102188133,2.8368419964254485,10.0,8010991.834215043,0.9974505003616363,0.8582064479673264,12141647.745785922,0.032926415005022136,0.037097950189490796,1000,19000,
high,2003,reactive_prop,"{""margin"": 0.25, ""ewma_window"": 20}",20,2,1.2637105049998354,0.8088514192022725,0.08780566214768327,0.10627076496418357,0.1480240987977703,0.0707098307859128,0.9127213719021875,0.742334719172134,1.0,0.25766528082786605,0.8097881135815428,3.2239745319683197,10.0,10329377.790383786,0.9964329877911204,0.8455654919382772,1753895.1497643865,0.03287183002248639,0.036986249551773646,1000,19000,
moderate,2000,reactive_prop,"{""margin"": 0.25, ""ewma_window"": 60}",20,2,1.2367949830004363,0.64513853335966,0.02330873581289611,0.04065753483159189,0.0793677817725497,0.007118796045950606,0.976696404397054,0.6257752825638212,1.0,0.37422471743617874,0.6406185520995997,2.146440320940475,10.0,4758299.398005007,0.9985893380921905,0.9144979544151218,5325527.497300381,0.0349578140048834,0.03960950002692697,1000,19000,
moderate,2001,reactive_prop,"{""margin"": 0.25, ""ewma_window"": 60}",20,2,1.232316413999797,0.656806738891215,0.025241977764711637,0.040172668451664326,0.07556200067745823,0.011789158497948031,0.9749148374666863,0.6430750025035744,1.0,0.3569249974964256,0.661055936494194,2.4132534802556043,10.0,5664538.912800698,0.9987867025444633,0.9169919426997876,3586771.845486314,0.035120120006467914,0.03887040002155118,1000,19000,
moderate,2002,reactive_prop,"{""margin"": 0.25, ""ewma_window"": 60}",20,2,1.2435118319999674,0.6393961911166064,0.026644537824986245,0.044349333988880385,0.07662594816160768,0.00775573747913101,0.9732579191752472,0.6213244775205619,1.0,0.37867552247943814,0.6388573020527858,2.0489930127626885,10.0,4534602.662932742,0.9987857883860387,0.9178961010795093,8917431.03805916,0.0350857789744623,0.04030565073662728,1000,19000,
moderate,2003,reactive_prop,"{""margin"": 0.25, ""ewma_window"": 60}",20,2,1.249406375000035,0.6571917781018464,0.04216319214290874,0.0569951676451742,0.09053326546742305,0.028431075161569366,0.9581076487420758,0.6313558610953475,1.0,0.36864413890465253,0.6579528422850036,2.5336157575952623,10.0,6343963.255212087,0.9985105254093823,0.9057565319179554,238375.655113172,0.03580742999292852,0.041627400014476734,1000,19000,
high,2000,reactive_prop,"{""margin"": 0.25, ""ewma_window"": 60}",20,2,1.2468711830006214,0.7940166564426582,0.07380073454834209,0.09635674447027785,0.14668580258778116,0.05275141340367767,0.92663519643691,0.7301287638412162,1.0,0.2698712361587839,0.7884536025841227,3.4219572304642525,10.0,9757348.423295166,0.997329342562282,0.8480457050058556,7690752.391465448,0.036042856005224166,0.04077909993611683,1000,19000,
high,2001,reactive_prop,"{""margin"": 0.25, ""ewma_window"": 60}",20,2,1.245753668999896,0.8083775247891877,0.07795839999108542,0.0961620820201113,0.1393091918601718,0.061556557004671046,0.9221574408103185,0.7464248205765392,1.0,0.2535751794234608,0.8136073064543927,3.569363622270732,10.0,10795354.798309484,0.9968188342942426,0.8503971060822314,7426203.01529818,0.035913221000555495,0.03880160033986612,1000,19000,
high,2002,reactive_prop,"{""margin"": 0.25, ""ewma_window"": 60}",20,2,1.2585427639996851,0.7869491582973615,0.07065139768582905,0.096075818432809,0.14242564428897186,0.04352672463378436,0.9294154916163918,0.7296634877555361,1.0,0.27033651224446387,0.7862859102188133,2.9590029373045463,10.0,8382961.725703093,0.9970404287012896,0.8458753084148486,12347702.369904859,0.03613422099988384,0.04035814999951979,1000,19000,
high,2003,reactive_prop,"{""margin"": 0.25, ""ewma_window"": 60}",20,2,1.2646637240004566,0.8088514192022725,0.09326271697681864,0.11403576203480704,0.1610078202825021,0.07403008779998647,0.9072672704061603,0.7377795769075661,1.0,0.26222042309243393,0.8097881135815428,3.33023599391804,10.0,10650104.807061203,0.9958317258316199,0.8344591159220192,2255608.8451490854,0.03761658700841508,0.04279169993424148,1000,19000,
moderate,2000,reactive_prop,"{""margin"": 0.5, ""ewma_window"": 20}",20,2,1.2371830140000384,0.64513853335966,0.024559712485777648,0.04134663909951352,0.07880318429881944,0.008894113359542011,0.9753822733805932,0.6250412613174193,1.0,0.3749587386825806,0.6406185520995997,2.065743371307926,10.0,4611330.907970668,0.9986690857730354,0.9190573901181412,5659827.177331921,0.032678064997526235,0.036414399664863595,1000,19000,
moderate,2001,reactive_prop,"{""margin"": 0.5, ""ewma_window"": 20}",20,2,1.2316334970000753,0.656806738891215,0.02736282002388296,0.040831988047105465,0.0727571596264349,0.015226858808878653,0.9727912112373458,0.6418210299388374,1.0,0.3581789700611626,0.661055936494194,2.3086736148967186,10.0,5479397.623837501,0.9988977797122507,0.9211828859647764,3774028.851573263,0.03227897900796961,0.03601674934543553,1000,19000,
moderate,2002,reactive_prop,"{""margin"": 0.5, ""ewma_window"": 20}",20,2,1.2343153530000563,0.6393961911166064,0.027919762251446795,0.04518720264015874,0.07666649819475038,0.009497565747909172,0.9719673100125833,0.6205506149511002,1.0,0.3794493850488998,0.6388573020527858,1.974937643292378,10.0,4400381.060414861,0.9988121106580616,0.9166560753004651,8860837.581027336,0.03230527499545133,0.0354440003320633,1000,19000,
moderate,2003,reactive_prop,"{""margin"": 0.5, ""ewma_window"": 20}",20,2,1.2403347910003504,0.6571917781018464,0.04485091312698126,0.058193748605334404,0.0883645995099108,0.03249750965597871,0.9553905733371078,0.6300606799591949,1.0,0.36993932004080515,0.6579528422850036,2.4557055983756344,10.0,6223493.0662388755,0.9985860162233381,0.9081026201012431,219031.1652326553,0.032904429999689455,0.03838955053652171,1000,19000,
high,2000,reactive_prop,"{""margin"": 0.5, ""ewma_window"": 20}",20,2,1.238221641000564,0.7940166564426582,0.0740922843141692,0.09040761828571128,0.1268119023103278,0.05886677654315782,0.9263250612994829,0.7307127847115366,1.0,0.2692872152884635,0.7884536025841227,3.3305382433915125,10.0,9631004.946903503,0.9985161921293169,0.8667489548168245,8192242.671198379,0.03299478101052955,0.03562395027074672,1000,19000,
high,2001,reactive_prop,"{""margin"": 0.5, ""ewma_window"": 20}",20,2,1.2385336520001147,0.8083775247891877,0.07956518974193456,0.09135068098999549,0.11928513318424566,0.0689462514051612,0.9205432249215871,0.746037771679044,1.0,0.25396222832095605,0.8136073064543927,3.490189611135129,10.0,10714252.74398829,0.9975598200448106,0.8597505031140737,7278364.553745808,0.03296207700350351,0.0354017998688505,1000,19000,
high,2002,reactive_prop,"{""margin"": 0.5, ""ewma_window"": 20}",20,2,1.2487939739994545,0.7869491582973615,0.06900499205284866,0.08912931414581468,0.12581682941961322,0.04753486053645672,0.9309516118710028,0.7312129329810998,1.0,0.26878706701890015,0.7862859102188133,2.856576093249385,10.0,8196470.959162522,0.9980936224854,0.8633406105652797,12150394.035294035,0.0329865180183333,0.03515540020089247,1000,19000,
high,2003,reactive_prop,"{""margin"": 0.5, ""ewma_window"": 20}",20,2,1.236466276000101,0.8088514192022725,0.09468281800104555,0.1091100335445851,0.14173288719803084,0.08132544618441719,0.9058780143214783,0.7378492036625517,1.0,0.2621507963374483,0.8097881135815428,3.2447037461561647,10.0,10551030.636456134,0.9969577635837685,0.8516517240667628,2544329.0524902754,0.03437857398603228,0.03544894984770508,1000,19000,
moderate,2000,reactive_prop,"{""margin"": 0.5, ""ewma_window"": 60}",20,2,1.2409962960000485,0.64513853335966,0.026894760512185575,0.0440256930054452,0.08224981597950975,0.010908134295661868,0.9731045144671038,0.6236478441219782,1.0,0.3763521558780219,0.6406185520995997,2.2719907509846,10.0,5074238.174049493,0.9986035142270017,0.9131500379821731,5273158.662243172,0.03613649300677935,0.0401680499635404,1000,19000,
moderate,2001,reactive_prop,"{""margin"": 0.5, ""ewma_window"": 60}",20,2,1.2360063599999194,0.656806738891215,0.02908357774532963,0.04299796035955164,0.07597839772684767,0.01654647022348525,0.971070291630984,0.640493534696386,1.0,0.35950646530361396,0.661055936494194,2.4688102283877096,10.0,5852915.337098449,0.9988195901908387,0.9198843888426772,3683286.7877151016,0.036052732006282895,0.041285399538537604,1000,19000,
moderate,2002,reactive_prop,"{""margin"": 0.5, ""ewma_window"": 60}",20,2,1.2460367989997394,0.6393961911166064,0.02983164380087324,0.04660824384156895,0.07719271607333487,0.011933112481026147,0.9700543051358541,0.619315342815494,1.0,0.38068465718450595,0.6388573020527858,2.1214715283242724,10.0,4739241.69871897,0.9988706504943609,0.9168631332009946,9076670.078912647,0.03626094300670957,0.04205754953545693,1000,19000,
moderate,2003,reactive_prop,"{""margin"": 0.5, ""ewma_window"": 60}",20,2,1.2530492160003632,0.6571917781018464,0.04707941240116707,0.061055978457408504,0.09265982243232278,0.03413927236032022,0.9532306937417295,0.6286262453130746,1.0,0.37137375468692535,0.6579528422850036,2.532579916916568,10.0,6418824.925463016,0.9984570566260745,0.9053539851673892,207791.1032444054,0.03665703698879952,0.04025905036542098,1000,19000,
high,2000,reactive_prop,"{""margin"": 0.5, ""ewma_window"": 60}",20,2,1.2327121789994635,0.7940166564426582,0.08487006045304434,0.10149407468127274,0.13858711467967447,0.06935649154548909,0.915578893783168,0.7220507959256027,1.0,0.2779492040743973,0.7884536025841227,3.4399324039364867,10.0,10035187.698056404,0.9984685380202672,0.8527074646958573,7738486.776113985,0.03623081299610931,0.038537999489562935,1000,19000,
high,2001,reactive_prop,"{""margin"": 0.5, ""ewma_window"": 60}",20,2,1.2375433520001025,0.8083775247891877,0.08818003646449787,0.10080000592839031,0.1307123724358113,0.07680921833495359,0.9119072813754255,0.7387293146607025,1.0,0.2612706853392976,0.8136073064543927,3.589498175867232,10.0,11073038.497130485,0.9973493858750053,0.850784800001071,8298068.03052523,0.036716855012855376,0.038917799975024536,1000,19000,
high,2002,reactive_prop,"{""margin"": 0.5, ""ewma_window"": 60}",20,2,1.2540772369993647,0.7869491582973615,0.0776975387591564,0.09864117961207379,0.13682234865373422,0.055353296728693956,0.9223838343235029,0.7244986556353799,1.0,0.2755013443646201,0.7862859102188133,2.9850100945410025,10.0,8611746.183705328,0.9978558726707993,0.8504477267375916,12075718.746869884,0.0365436969905204,0.03859055022985558,1000,19000,
high,2003,reactive_prop,"{""margin"": 0.5, ""ewma_window"": 60}",20,2,1.2473690320002788,0.8088514192022725,0.10184826941496448,0.1172244710527613,0.15199317429018813,0.08761228314417831,0.8986705605078725,0.7321784749491057,1.0,0.26782152505089424,0.8097881135815428,3.3325767445852974,10.0,10868858.264885742,0.9966742640325835,0.8428893662187678,3040408.3619730277,0.036678232000667776,0.03937375017812883,1000,19000,
moderate,2000,queue_aware,"{""margin"": 0.0, ""num_horizons"": 1}",20,2,1.3060928160002732,0.64513853335966,0.03857826564374852,0.03587709390566245,0.029849989383985344,0.04109900541902991,0.9615365825252681,0.6178717490755489,1.0,0.38212825092445113,0.6406185520995997,3.1818163615901764,10.0,7378656.80810964,0.9999229402765794,0.9476935437355264,6018847.977460418,0.0790788869944663,0.09256144935534394,1000,19000,
moderate,2001,queue_aware,"{""margin"": 0.0, ""num_horizons"": 1}",20,2,1.2916561189995264,0.656806738891215,0.0463561511166499,0.04020112707469452,0.025612237970665752,0.051901937829073604,0.9537889087207014,0.6311997154524553,1.0,0.36880028454754465,0.661055936494194,3.4041600510398764,10.0,8384630.417340602,0.9992247257236333,0.8986696225320897,4309703.5670883125,0.07778478898489993,0.0909912995666673,1000,19000,
moderate,2002,queue_aware,"{""margin"": 0.0, ""num_horizons"": 1}",20,2,1.3377796869999656,0.6393961911166064,0.04282303964926649,0.03881994487790912,0.03152212883778675,0.04709384046514412,0.95738666859488,0.612485084585048,1.0,0.38751491541495203,0.6388573020527858,2.7993626347815996,10.0,6581761.520843001,0.9998546734535739,0.9392248132828038,9480427.558617912,0.08081933198536717,0.10151455016966789,1000,19000,
moderate,2003,queue_aware,"{""margin"": 0.0, ""num_horizons"": 1}",20,2,1.296126328000355,0.6571917781018464,0.05981582180574839,0.05252526347577115,0.03603983586619609,0.0665657520379844,0.9408233560322979,0.6235193227765181,1.0,0.37648067722348194,0.6579528422850036,3.336437232973088,10.0,8660855.901075572,0.9991673694883523,0.9030145574582457,1915654.7451881373,0.07929797501037683,0.09511769967502913,1000,19000,
high,2000,queue_aware,"{""margin"": 0.0, ""num_horizons"": 1}",20,2,1.277709023999705,0.7940166564426582,0.13132700812563913,0.10627946697079033,0.050391073640328604,0.15470143203648673,0.8693181676430056,0.6889705306870999,1.0,0.31102946931290004,0.7884536025841227,4.309268434575826,10.0,13296585.309258914,0.9967386409784694,0.8310233564813622,8915244.799349012,0.08148771898049745,0.09638839978833857,1000,19000,
high,2001,queue_aware,"{""margin"": 0.0, ""num_horizons"": 1}",20,2,1.280834632000733,0.8083775247891877,0.13745666645818105,0.10916100310954695,0.04209346740143067,0.16295156505620778,0.8625447001919292,0.7055625011311127,1.0,0.2944374988688872,0.8136073064543927,4.48824286865876,10.0,14564003.91445237,0.9938476923671742,0.7580077154934334,10127204.9516037,0.0823173350054276,0.09737344944369396,1000,19000,
high,2002,queue_aware,"{""margin"": 0.0, ""num_horizons"": 1}",20,2,1.3071743390000847,0.7869491582973615,0.12480697707337847,0.09839333810738238,0.050240124373028064,0.15298702208590834,0.8753656513100772,0.690962391017777,1.0,0.30903760898222304,0.7862859102188133,4.137826160685646,10.0,12688385.055289555,0.9968726394340283,0.8396102572889431,18711655.26141174,0.08379245798732882,0.09999969979617163,1000,19000,
high,2003,queue_aware,"{""margin"": 0.0, ""num_horizons"": 1}",20,2,1.2913613830005488,0.8088514192022725,0.15763573339084383,0.12788041708433578,0.06059762600453685,0.185184557502326,0.8429950289817121,0.6943103411936169,1.0,0.3056896588063831,0.8097881135815428,4.50252576636839,10.0,15280309.181281134,0.9948088607827985,0.7602740522815727,5295912.136335125,0.08253271098601545,0.09809025004869908,1000,19000,
moderate,2000,queue_aware,"{""margin"": 0.0, ""num_horizons"": 3}",20,2,1.3991517220001697,0.64513853335966,0.07464159666483365,0.05474856519783911,0.010361391211804044,0.09320582009525794,0.9260608210626289,0.5961030382192521,1.0,0.4038969617807478,0.6406185520995997,3.5178914247040534,10.0,8662694.690462574,0.9981915838654459,0.8889106078764809,5151750.033531218,0.21314923899626592,0.23084869949343553,1000,19000,
moderate,2001,queue_aware,"{""margin"": 0.0, ""num_horizons"": 3}",20,2,1.4108745749999798,0.656806738891215,0.079993745834079,0.05858197671077859,0.007830927952623095,0.09928613265240241,0.9198920574334203,0.6105469291817219,1.0,0.389453070818278,0.661055936494194,3.5206433325172926,10.0,9207259.175878016,0.9966220997956478,0.8347139300363183,10374683.228261746,0.21457239998471778,0.2379673499490309,1000,19000,
moderate,2002,queue_aware,"{""margin"": 0.0, ""num_horizons"": 3}",20,2,1.4300312380000832,0.6393961911166064,0.07159629461549835,0.049190454250240274,0.008343631841747162,0.09550052041525911,0.9284929232223263,0.5953319983560715,1.0,0.4046680016439285,0.6388573020527858,3.167692337794276,10.0,7882003.269815479,0.9980041024081819,0.8966739030539242,14027572.909206541,0.2168964079928628,0.23278469984688854,1000,19000,
moderate,2003,queue_aware,"{""margin"": 0.0, ""num_horizons"": 3}",20,2,1.4555247629996302,0.6571917781018464,0.09863977114079317,0.07216849343319415,0.012311578142188716,0.12314808306935239,0.9017952563921553,0.6018799565550091,1.0,0.39812004344499086,0.6579528422850036,3.6037118932479335,10.0,9939430.132933537,0.9962394632757342,0.8273830579750062,6587761.0962620275,0.22268937500393804,0.2407168500667467,1000,19000,
high,2000,queue_aware,"{""margin"": 0.0, ""num_horizons"": 3}",20,2,1.4155962129998443,0.7940166564426582,0.1834812799566898,0.13089655619606191,0.013564650978741686,0.23255346699560783,0.8172063718153303,0.6493601255830684,1.0,0.3506398744169315,0.7884536025841227,4.350202291626127,10.0,14356680.450402115,0.9846343224955577,0.7522099488515757,9305558.934100056,0.21716144399579207,0.23409584955516038,1000,19000,
high,2001,queue_aware,"{""margin"": 0.0, ""num_horizons"": 3}",20,2,1.4278181729996504,0.8083775247891877,0.1865012907653307,0.13462027262271448,0.011649766719331716,0.23324701573425013,0.8135132817720309,0.6693898435465643,1.0,0.3306101564534358,0.8136073064543927,4.50946581948468,10.0,15520646.685013907,0.9830120813017511,0.6867110086939511,15033230.662760474,0.2214735550014666,0.2466526502757915,1000,19000,
high,2002,queue_aware,"{""margin"": 0.0, ""num_horizons"": 3}",20,2,1.4325908170003459,0.7869491582973615,0.17276723980990263,0.11574645116584648,0.011795071107482178,0.23360128061389973,0.8273497200168022,0.6567150837471066,1.0,0.34328491625289337,0.7862859102188133,4.182698946316802,10.0,13762762.636934742,0.9849047004950282,0.7516956661256139,19478665.810781445,0.2213370220079014,0.2435171002616698,1000,19000,
high,2003,queue_aware,"{""margin"": 0.0, ""num_horizons"": 3}",20,2,1.41450285800056,0.8088514192022725,0.2099479730292789,0.15083532653439177,0.017169671519338257,0.2646771476170042,0.7903861613518859,0.6566871801193711,1.0,0.3433128198806289,0.8097881135815428,4.558743369606486,10.0,16469860.20445582,0.9810858748553106,0.6752466241409196,12187390.333048647,0.21881463599311246,0.25491224969300674,1000,19000,
moderate,2000,queue_aware,"{""margin"": 0.0, ""num_horizons"": 6}",20,2,2.64562941999975,0.64513853335966,0.09420004519428873,0.06588897786828748,0.0027187027287475865,0.12061999935088241,0.9064607246444123,0.5841094915361491,1.0,0.4158905084638509,0.6406185520995997,3.670381296081671,10.0,9268934.682376044,0.9962635672370367,0.8667893259920448,5929927.338170848,1.434266996999213,1.5101958000286686,1000,19000,
moderate,2001,queue_aware,"{""margin"": 0.0, ""num_horizons"": 6}",20,2,2.688720303000082,0.656806738891215,0.10013980886600882,0.07140213253974678,0.003286919638300771,0.1260329690599837,0.8996914181346425,0.59827221448994,1.0,0.4017277855100601,0.661055936494194,3.546668999371441,10.0,9577749.258520275,0.9943743611931214,0.7953254101562753,9745880.699495034,1.4630126829988512,1.5442376503870037,1000,19000,
moderate,2002,queue_aware,"{""margin"": 0.0, ""num_horizons"": 6}",20,2,2.6987530639999022,0.6393961911166064,0.08706649382871794,0.057636206831811886,0.003983512409441439,0.11846492451720249,0.9130725363511006,0.5865257722193804,1.0,0.41347422778061965,0.6388573020527858,3.3018729918983025,10.0,8396309.354147606,0.9965365059291393,0.8706213347505121,11708484.736654783,1.4696153269942442,1.5405321496928082,1000,19000,
moderate,2003,queue_aware,"{""margin"": 0.0, ""num_horizons"": 6}",20,2,2.6838191630004076,0.6571917781018464,0.12018127244607522,0.084401224249971,0.0034952952789830886,0.15330806714391007,0.8802917996127679,0.589410386920108,1.0,0.41058961307989195,0.6579528422850036,3.687278586034608,10.0,10475778.749001745,0.9935628694141551,0.7910387622735758,5906479.347091164,1.4495219029968212,1.546472800146148,1000,19000,
high,2000,queue_aware,"{""margin"": 0.0, ""num_horizons"": 6}",20,2,2.697890140000709,0.7940166564426582,0.19674714522115494,0.13695721162628502,0.0035483749946142364,0.2525432509070567,0.8038866663260256,0.6395812713094746,1.0,0.3604187286905253,0.7884536025841227,4.23881063976092,10.0,14365945.888964746,0.9799316754742072,0.7333250420859733,9123648.517267726,1.4792194170131552,1.597058449533506,1000,19000,
high,2001,queue_aware,"{""margin"": 0.0, ""num_horizons"": 6}",20,2,2.71261182499984,0.8083775247891877,0.20331496035131277,0.14448315456556274,0.005037608204154736,0.25632346926541466,0.7966834477485485,0.6564764033486293,1.0,0.3435235966513706,0.8136073064543927,4.361655764073911,10.0,15480771.094214512,0.9778794820070247,0.6539971609800821,12991043.63027055,1.4850748799981375,1.5973173504335132,1000,19000,
high,2002,queue_aware,"{""margin"": 0.0, ""num_horizons"": 6}",20,2,2.6932273900001746,0.7869491582973615,0.18654675207445195,0.12268769513978975,0.006269854288411667,0.2546763687922833,0.8135559848707664,0.6463267307386686,1.0,0.3536732692613314,0.7862859102188133,4.067782413611565,10.0,13759028.617596805,0.9805191801916645,0.7293366068272351,18067771.48016879,1.4723302790107482,1.5853177501412574,1000,19000,
high,2003,queue_aware,"{""margin"": 0.0, ""num_horizons"": 6}",20,2,2.7343429080001442,0.8088514192022725,0.22307500363526647,0.15662802793256445,0.006377970496221735,0.2845946335231631,0.7772793075285468,0.647399814875754,1.0,0.352600185124246,0.8097881135815428,4.41475726908832,10.0,16407857.052372986,0.9758239156428703,0.6522821678630586,11846808.730629353,1.4811552009859952,1.6474406995712338,1000,19000,
moderate,2000,queue_aware,"{""margin"": 0.25, ""num_horizons"": 1}",20,2,1.2793883379999897,0.64513853335966,0.05504483781664751,0.04650608840534374,0.027453639995380173,0.0630132187117789,0.9453649122126554,0.6076491859564599,1.0,0.3923508140435401,0.6406185520995997,3.4151925229202065,10.0,8111061.303196042,0.9996556952938371,0.9245411902022794,6172173.959996061,0.0796698870117325,0.09807804967749689,1000,19000,
moderate,2001,queue_aware,"{""margin"": 0.25, ""num_horizons"": 1}",20,2,1.290762782999991,0.656806738891215,0.06277187122479266,0.05065116501496045,0.021922172641832566,0.07369284423569974,0.937368255249285,0.6208123180477065,1.0,0.37918768195229346,0.661055936494194,3.52308850415529,10.0,8901335.250506781,0.9984097522562798,0.8684412924570172,4555029.844680456,0.07980000899533479,0.09775139938028585,1000,19000,
moderate,2002,queue_aware,"{""margin"": 0.25, ""num_horizons"": 1}",20,2,1.292123038999307,0.6393961911166064,0.05593931535060357,0.045661545141705034,0.02692472261532783,0.06690440908449061,0.9443168724480615,0.6045752147092354,1.0,0.3954247852907646,0.6388573020527858,3.072079493375813,10.0,7365573.3927628575,0.9995422223180581,0.9204010517911191,10332633.330357628,0.07837804298014817,0.09170140019705286,1000,19000,
moderate,2003,queue_aware,"{""margin"": 0.25, ""num_horizons"": 1}",20,2,1.281074539000656,0.6571917781018464,0.0756140063504189,0.0622235643278233,0.03194506539365446,0.08801148612363179,0.9250509043617232,0.6145524229056094,1.0,0.38544757709439065,0.6579528422850036,3.515416901762627,10.0,9316412.651183182,0.9985429110590474,0.8729843770237988,2405707.158530441,0.0776876279978751,0.09068155018212563,1000,19000,
high,2000,queue_aware,"{""margin"": 0.25, ""num_horizons"": 1}",20,2,1.3241786389999106,0.7940166564426582,0.15922628877776923,0.12288352901153789,0.0417921979314642,0.19314143707972306,0.8414205799064904,0.6677335912316877,1.0,0.33226640876831226,0.7884536025841227,4.528770025017917,10.0,14257557.593755268,0.992872471178563,0.7957645336110444,9219334.981102237,0.08479947699379409,0.10539710001467029,1000,19000,
high,2001,queue_aware,"{""margin"": 0.25, ""num_horizons"": 1}",20,2,1.2673597150005662,0.8083775247891877,0.1652417202074244,0.1266069621183774,0.03503328223019508,0.2000523280275479,0.8347085456886792,0.6846013047957432,1.0,0.31539869520425684,0.8136073064543927,4.710534992858274,10.0,15553001.960183902,0.9896304176419836,0.7160760758444602,16833137.147332262,0.08240357699651213,0.105878949716498,1000,19000,
high,2002,queue_aware,"{""margin"": 0.25, ""num_horizons"": 1}",20,2,1.2478131819998453,0.7869491582973615,0.15277855494225495,0.11237038110166296,0.03870452104860858,0.19588901613875792,0.8473593118264378,0.6704032980134131,1.0,0.32959670198658686,0.7862859102188133,4.3908703073121895,10.0,13765118.030270755,0.9924617775764291,0.7941718020427796,19705146.388799697,0.0805522819973703,0.09402189980391995,1000,19000,
high,2003,queue_aware,"{""margin"": 0.25, ""num_horizons"": 1}",20,2,1.3714658879998751,0.8088514192022725,0.18691578479781532,0.14408204278892858,0.047226284810661316,0.22657320979320453,0.8135259182462348,0.6721911149039599,1.0,0.3278088850960401,0.8097881135815428,4.813747500797745,10.0,16553706.025708709,0.9899211960610529,0.7176309352353916,10480156.181879003,0.09403953400760656,0.17381940047016536,1000,19000,
moderate,2000,queue_aware,"{""margin"": 0.25, ""num_horizons"": 3}",20,2,1.4986761180007306,0.64513853335966,0.10968152726039714,0.07787258158779087,0.006897516363323926,0.1393657096602606,0.8910696689541363,0.5743656711639729,1.0,0.42563432883602714,0.6406185520995997,3.8124293014135433,10.0,9740832.42162934,0.9950987127558506,0.8402057336587532,5363503.864904124,0.23243205799462885,0.2904390504681942,1000,19000,
moderate,2001,queue_aware,"{""margin"": 0.25, ""num_horizons"": 3}",20,2,1.4258529259996067,0.656806738891215,0.1129423492291961,0.08112280746660307,0.0057028313704566005,0.14161232528445436,0.8870515427977067,0.5902056550122182,1.0,0.4097943449877818,0.661055936494194,3.7985024870026747,10.0,10267802.795851333,0.9932702367876667,0.7801172527029343,11596493.928612307,0.21897935899050935,0.2561634998528461,1000,19000,
moderate,2002,queue_aware,"{""margin"": 0.25, ""num_horizons"": 3}",20,2,1.4263518230000045,0.6393961911166064,0.10193600200688491,0.06766351927177297,0.005183291217040172,0.1385004491627629,0.898131727966251,0.5770593562475133,1.0,0.4229406437524868,0.6388573020527858,3.563648734829483,10.0,9116812.347067624,0.9951720809800743,0.8535841165989663,14491633.20676483,0.21679021500040108,0.2583648498784896,1000,19000,
moderate,2003,queue_aware,"{""margin"": 0.25, ""num_horizons"": 3}",20,2,1.4403942580001967,0.6571917781018464,0.13631696325026668,0.09663124682148955,0.006893811674629991,0.17305980309685284,0.8640157825102555,0.5792053186993377,1.0,0.42079468130066233,0.6579528422850036,3.973434008535393,10.0,11285230.893682973,0.9920805828436242,0.7696892738895199,8876656.760078594,0.21898365800370811,0.2630378996855143,1000,19000,
high,2000,queue_aware,"{""margin"": 0.25, ""num_horizons"": 3}",20,2,1.425211871999636,0.7940166564426582,0.21561793899950202,0.15163552448192405,0.008872036174457773,0.2753264776751205,0.7850708941724382,0.6245662086709085,1.0,0.3754337913290915,0.7884536025841227,4.51254215084187,10.0,15206532.531188551,0.9760196418155371,0.7099863758618358,9036015.128125343,0.22471059298641194,0.2591933003259328,1000,19000,
high,2001,queue_aware,"{""margin"": 0.25, ""num_horizons"": 3}",20,2,1.399682772000233,0.8083775247891877,0.21993080118032848,0.15718170427957395,0.008451234695210886,0.27646885942944577,0.7800738060565453,0.6439882803005554,1.0,0.3560117196994446,0.8136073064543927,4.622279279741958,10.0,16300353.965586875,0.9747670825917871,0.6393958816341356,15231184.724567864,0.21699507299217657,0.24218009980359054,1000,19000,
high,2002,queue_aware,"{""margin"": 0.25, ""num_horizons"": 3}",20,2,1.3949880939999275,0.7869491582973615,0.20238513817312165,0.13338637560383168,0.007598627627028493,0.27599817716084235,0.7976947769294677,0.6343422108350308,1.0,0.3656577891649691,0.7862859102188133,4.316781298780643,10.0,14532459.7167555,0.9766451574362813,0.7072603038798857,20299579.19477386,0.21792936599013046,0.2515824497550056,1000,19000,
high,2003,queue_aware,"{""margin"": 0.25, ""num_horizons"": 3}",20,2,1.379986036000446,0.8088514192022725,0.24060438147763233,0.17028930292572264,0.011292682246780766,0.30570527677505305,0.7596876049134751,0.6336994570917803,1.0,0.3663005429082197,0.8097881135815428,4.748348286641552,10.0,17403436.963180967,0.9721549658375164,0.6325934489934323,13518159.67676159,0.2156756580034198,0.23846924973440764,1000,19000,
moderate,2000,queue_aware,"{""margin"": 0.25, ""num_horizons"": 6}",20,2,2.734677269999338,0.64513853335966,0.12945327731211737,0.0897058442867329,0.0010176909440305023,0.1665456746520257,0.8711607151481412,0.5616596116682795,1.0,0.43834038833172045,0.6406185520995997,3.8986805971712304,10.0,10193963.40646547,0.9920753143979362,0.8234606818219038,6715226.704228446,1.5030303690018627,1.595338400284163,1000,19000,
moderate,2001,queue_aware,"{""margin"": 0.25, ""num_horizons"": 6}",20,2,2.684911770999861,0.656806738891215,0.13318056829428654,0.09426659087192969,0.0020310939280237424,0.16824275772610928,0.8668178095090133,0.5777085198862768,1.0,0.4222914801137232,0.661055936494194,3.8589740628681244,10.0,10689288.683657384,0.9903049640683985,0.743186982114032,9560712.488343146,1.4714957830101412,1.563297149459686,1000,19000,
moderate,2002,queue_aware,"{""margin"": 0.25, ""num_horizons"": 6}",20,2,2.7284961579998708,0.6393961911166064,0.12096058502475407,0.07879437231645467,0.0019235308725742378,0.16594665353494628,0.8791745031075489,0.5662453920572992,1.0,0.4337546079427009,0.6388573020527858,3.6412506494885544,10.0,9544494.316570094,0.992549674953053,0.8189317462093518,12033936.93308797,1.5000263920010184,1.5914329498173174,1000,19000,
moderate,2003,queue_aware,"{""margin"": 0.25, ""num_horizons"": 6}",20,2,2.668040693999501,0.6571917781018464,0.15361965962110796,0.10684608207409717,0.001081558728667895,0.19692476340941953,0.8468439374604916,0.5693540149644722,1.0,0.43064598503552776,0.6579528422850036,3.8551293819107233,10.0,11319584.924460607,0.9890081003250648,0.741752167000426,6077241.567999277,1.4519927070041376,1.5241677993799385,1000,19000,
high,2000,queue_aware,"{""margin"": 0.25, ""num_horizons"": 6}",20,2,2.6689856670000154,0.7940166564426582,0.22491694763182835,0.1559188657087392,0.0019639558145786882,0.28930611884568486,0.7756935318832695,0.6181885537510582,1.0,0.3818114462489418,0.7884536025841227,4.27425112122933,10.0,14881494.281689553,0.9720753748080841,0.6964637417096886,9404627.672276959,1.4434448329902807,1.5288172994132765,1000,19000,
high,2001,queue_aware,"{""margin"": 0.25, ""num_horizons"": 6}",20,2,2.746032054000352,0.8083775247891877,0.23414537462335927,0.16557751376766658,0.003055172456650552,0.29592624323423344,0.7658664008497533,0.6326304599981738,1.0,0.3673695400018262,0.8136073064543927,4.427425738329161,10.0,16121267.492174499,0.9691139541886211,0.6101704476111616,13043094.494400527,1.479862500010313,2.005594300544544,1000,19000,
high,2002,queue_aware,"{""margin"": 0.25, ""num_horizons"": 6}",20,2,2.7587113710005724,0.7869491582973615,0.21371038768894085,0.13954884366354542,0.004349120334173314,0.2928314679582965,0.7863362339846339,0.625730545609548,1.0,0.374269454390452,0.7862859102188133,4.11531952072316,10.0,14300025.393928077,0.9723903482315229,0.6874781276204572,19480620.04714243,1.5114935480060012,1.7302358000051754,1000,19000,
high,2003,queue_aware,"{""margin"": 0.25, ""num_horizons"": 6}",20,2,2.620173035999869,0.8088514192022725,0.2530292647223487,0.17674475210786908,0.004250033114016007,0.3236569333647686,0.7472649609094764,0.6253808093607385,1.0,0.37461919063926147,0.8097881135815428,4.574335943215741,10.0,17251850.707122583,0.9668099803331476,0.6075687856694241,13678483.31882965,1.4228123950169902,1.5103766006177466,1000,19000,
moderate,2000,point_forecast,"{""margin"": 0.0}",20,2,3.5886405480005124,0.64513853335966,0.031741920370801494,0.026443142378608446,0.014620018233700002,0.036686752369810456,0.9686223170907164,0.6226179385700716,1.0,0.3773820614299283,0.6406185520995997,2.9741663155451263,10.0,6898245.406933379,0.9998360564681994,0.9512133887108191,5719555.284858348,2.2878118379958323,2.436284849727599,1000,19000,
moderate,2001,point_forecast,"{""margin"": 0.0}",20,2,3.5795314099996176,0.656806738891215,0.03781268801880492,0.030368609272411796,0.012724350115580714,0.04451993606797216,0.9623321695182154,0.6364329099904044,1.0,0.3635670900095957,0.661055936494194,3.198092257949763,10.0,7852122.257225886,0.999216453383009,0.91002094605559,3945688.3798659137,2.27560991800965,2.4418280495410722,1000,19000,
moderate,2002,point_forecast,"{""margin"": 0.0}",20,2,3.649053561999608,0.6393961911166064,0.03491313445471592,0.028056519594883287,0.015556612207464376,0.04222828386038501,0.9653559794004508,0.6176502989466719,1.0,0.3823497010533281,0.6388573020527858,2.617344130600682,10.0,6153113.823592721,0.9997477098488979,0.9448815846721306,9523748.73317182,2.3259516870120933,2.493013799676191,1000,19000,
moderate,2003,point_forecast,"{""margin"": 0.0}",20,2,3.6453687789999094,0.6571917781018464,0.04957139646439001,0.0405787949549026,0.020244703312449066,0.05789715562411815,0.9510941768316009,0.6300666929116451,1.0,0.3699333070883549,0.6579528422850036,3.085440189313293,10.0,8002571.64371414,0.999249503896476,0.9164711652542681,993342.7236097311,2.3252475229901393,2.4946831999386627,1000,19000,
high,2000,point_forecast,"{""margin"": 0.0}",20,2,3.5840732560000106,0.7940166564426582,0.12405479922978341,0.09468711029498113,0.02915920317435961,0.15146079513972885,0.8766283060731679,0.6949480669912939,1.0,0.30505193300870614,0.7884536025841227,4.196035086546536,10.0,13021636.698973613,0.995693030625419,0.8360143837402568,8333776.703658884,2.2807195139839678,2.427166050119922,1000,19000,
high,2001,point_forecast,"{""margin"": 0.0}",20,2,3.5699145280004814,0.8083775247891877,0.12750526177120317,0.09665598773730036,0.023535779797799434,0.15530100925471488,0.8726200677338601,0.7136651677267049,1.0,0.2863348322732951,0.8136073064543927,4.357335931565294,10.0,14176764.456356343,0.9932056059596921,0.7643503191348865,8347740.687822564,2.2515445670023837,2.393689899463425,1000,19000,
high,2002,point_forecast,"{""margin"": 0.0}",20,2,3.6138572660001955,0.7869491582973615,0.11718726899278072,0.08577745320918034,0.028515991631261537,0.15069760900146376,0.8830128853283893,0.6976608347454362,1.0,0.30233916525456384,0.7862859102188133,4.013293693859351,10.0,12403150.683373895,0.9957315416310601,0.840896056728386,18606759.05052815,2.3318244209949626,2.476774550268601,1000,19000,
high,2003,point_forecast,"{""margin"": 0.0}",20,2,3.6169778530002077,0.8088514192022725,0.1464751273261376,0.11250564425687934,0.03569376940082964,0.17792561854569447,0.8539731036738042,0.7040524561807501,1.0,0.29594754381925,0.8097881135815428,4.345684799211685,10.0,14842766.990813956,0.9937900925454739,0.7660718641396704,10543790.6714199,2.312783811007648,2.495339549750497,1000,19000,
moderate,2000,point_forecast,"{""margin"": 0.25}",20,2,3.611699649000002,0.64513853335966,0.04451141540398734,0.0332100927883958,0.007993535219336554,0.05505783606607888,0.956023879098481,0.6149126119886256,1.0,0.3850873880113745,0.6406185520995997,3.134028056736664,10.0,7450774.100850641,0.9994606379130473,0.93557218706889,5784325.439649656,2.2922547529742587,2.52006064984016,1000,19000,
moderate,2001,point_forecast,"{""margin"": 0.25}",20,2,3.5701748740002586,0.656806738891215,0.051738214723593405,0.038421651745419644,0.006858190870021764,0.06373667606446055,0.948402236461111,0.6280943857026156,1.0,0.3719056142973845,0.661055936494194,3.298003482839115,10.0,8308016.182132936,0.9984797531514373,0.8840598339081513,4013781.369941623,2.248666831002083,2.415931850418928,1000,19000,
moderate,2002,point_forecast,"{""margin"": 0.25}",20,2,3.6355192319997514,0.6393961911166064,0.04515514068756717,0.03259528826341699,0.009698130509779003,0.0585549303613387,0.9551129767219985,0.6113501508368541,1.0,0.38864984916314593,0.6388573020527858,2.8101032848627874,10.0,6743368.15821738,0.9993094943217604,0.9232188039470608,10427050.522570005,2.3325814889976755,2.495402650674805,1000,19000,
moderate,2003,point_forecast,"{""margin"": 0.25}",20,2,3.6976727769997524,0.6571917781018464,0.06251093488991785,0.04709746965603995,0.012244505887682118,0.07678142149145581,0.9381839576914432,0.62281770384599,1.0,0.37718229615400994,0.6579528422850036,3.2413887988732806,10.0,8591764.577930087,0.9985407765678089,0.8917343854888705,1298360.3882161698,2.3802816860079474,2.5561817995367164,1000,19000,
high,2000,point_forecast,"{""margin"": 0.25}",20,2,3.859867183999995,0.7940166564426582,0.1490424358323101,0.10853700743352053,0.018157544620174736,0.1868421962251784,0.8516540596898365,0.6762931098989043,1.0,0.32370689010109566,0.7884536025841227,4.372521014811476,10.0,13865218.523453465,0.9915017242354313,0.7979611895181437,8373907.257724479,2.443047355991439,3.1238655999459297,1000,19000,
high,2001,point_forecast,"{""margin"": 0.25}",20,2,3.578445197000292,0.8083775247891877,0.15426987181857707,0.11228891637325579,0.012783942989204133,0.19209546328605573,0.8457058700369127,0.6934311563959639,1.0,0.3065688436040361,0.8136073064543927,4.602019786579273,10.0,15237181.06914819,0.9883204938832733,0.7206094236464426,15539280.743421588,2.2934264829873428,2.476214250009434,1000,19000,
high,2002,point_forecast,"{""margin"": 0.25}",20,2,3.6458629899998414,0.7869491582973615,0.1429270011551225,0.09773325147147474,0.01534307831982432,0.19114307248136936,0.8572200470555841,0.6787288701958142,1.0,0.3212711298041858,0.7862859102188133,4.275898038039322,10.0,13491502.561211541,0.9908390270456922,0.8015627819275101,19633272.15794916,2.3599114509934225,2.542961599738191,1000,19000,
high,2003,point_forecast,"{""margin"": 0.25}",20,2,3.6724839640000937,0.8088514192022725,0.17782192733234178,0.12929736342638243,0.019573505615839527,0.22274817386796578,0.8225503185947621,0.6809406957942479,1.0,0.3190593042057521,0.8097881135815428,4.642397018250808,10.0,16149485.341461567,0.9875830078178062,0.7171364632166304,12234699.062470607,2.38344633599354,2.5386090994743427,1000,19000,
moderate,2000,point_forecast,"{""margin"": 0.5}",20,2,3.545311560999835,0.64513853335966,0.06399567102772583,0.04566654388792789,0.004768898060733885,0.08110045528709893,0.9366093713603565,0.603142309029018,1.0,0.39685769097098195,0.6406185520995997,3.3532326443020444,10.0,8200247.037865283,0.9985138971719223,0.9014008121877457,5847469.258266833,2.2461439930084452,2.4519852001958493,1000,19000,
moderate,2001,point_forecast,"{""margin"": 0.5}",20,2,3.6028383689999828,0.656806738891215,0.07164624637338532,0.051349553584654206,0.0032415042488682035,0.08993392947691577,0.9283416598550215,0.6154872385395975,1.0,0.3845127614604025,0.661055936494194,3.466598564036981,10.0,8985199.354996266,0.9969084195062252,0.8492673867846923,7207939.603040068,2.288154716988174,2.6554107499123347,1000,19000,
moderate,2002,point_forecast,"{""margin"": 0.5}",20,2,3.6563965739997,0.6393961911166064,0.0674933250014138,0.04543649931951568,0.005225945872898507,0.09102519584092927,0.9325965633566652,0.5976455295902776,1.0,0.4023544704097224,0.6388573020527858,3.2178408835529346,10.0,7937325.9513308415,0.9980393211163546,0.8966798543409128,14650533.122813439,2.340163875001963,2.536888750137223,1000,19000,
moderate,2003,point_forecast,"{""margin"": 0.5}",20,2,3.7343051440002455,0.6571917781018464,0.08212115496319543,0.058846080462724416,0.006216427366432813,0.1036702767063535,0.9186082493990657,0.6114926386977745,1.0,0.3885073613022256,0.6579528422850036,3.480439291680561,10.0,9447281.307097945,0.9971897480218229,0.8594315080584013,1470898.9986451513,2.417091871977391,2.6831028003925894,1000,19000,
high,2000,point_forecast,"{""margin"": 0.5}",20,2,3.4963770089998434,0.7940166564426582,0.1800171691196597,0.127047146883333,0.0088555280268034,0.22944891759606612,0.8206921710104574,0.6523274367569407,1.0,0.3476725632430593,0.7884536025841227,4.6924937946847605,10.0,15079724.864719968,0.9846115460463695,0.754563823167831,8464089.421642946,2.2399074870027107,2.425695200190603,1000,19000,
high,2001,point_forecast,"{""margin"": 0.5}",20,2,3.514614798999901,0.8083775247891877,0.18638858562963323,0.1330683552288161,0.0066865697124001595,0.23443106657602433,0.8136142822920844,0.6697501061375574,1.0,0.3302498938624426,0.8136073064543927,4.90186199744039,10.0,16440871.6753997,0.9819289534609256,0.6782038594990816,15611371.068293259,2.2497343420000107,2.427881850007907,1000,19000,
high,2002,point_forecast,"{""margin"": 0.5}",20,2,3.5897308429994155,0.7869491582973615,0.17279964645376422,0.11448254565003037,0.008167932090528268,0.235016689995742,0.8273173789336925,0.6565870181511005,1.0,0.34341298184889946,0.7862859102188133,4.573011318724476,10.0,14645184.15488437,0.9841070872824689,0.7509893856530867,20509605.499629397,2.33810606901352,2.4699892502212606,1000,19000,
high,2003,point_forecast,"{""margin"": 0.5}",20,2,3.6441106679994846,0.8088514192022725,0.21011794786207433,0.14904047007855925,0.010931933941422297,0.2666662525515122,0.7902388552569212,0.6565973239693605,1.0,0.34340267603063945,0.8097881135815428,5.013157328421312,10.0,17547670.599721823,0.9797806549970611,0.6729932686329434,12856425.427495599,2.381022910001775,2.5262671496420808,1000,19000,
moderate,2000,proposed_cal,"{""gamma"": 0.005}",20,2,4.532820862000335,0.64513853335966,0.018871084503871108,0.017760771838026768,0.015283339398456152,0.019907230877065304,0.9814755608320991,0.6303390840679721,1.0,0.3696609159320278,0.6406185520995997,2.792421082919901,10.0,6310829.509202699,0.999940978664802,0.9658390477032782,5248583.547853161,3.2335898079963954,3.530100850321105,1000,19000,"{""decisions"": 1000, ""scored_horizons"": 998, ""delta_mean_abs"": 0.03212499999999997}"
moderate,2001,proposed_cal,"{""gamma"": 0.005}",20,2,4.506546778000484,0.656806738891215,0.020933899069770202,0.019745612754163793,0.0169290880478347,0.022004566286457704,0.9791634296354155,0.6476083423024179,1.0,0.3523916576975821,0.661055936494194,2.961297566082282,10.0,7043325.407363564,0.9998190639623399,0.9507565972477017,3780975.8022103165,3.196620072004407,3.5086365995084634,1000,19000,"{""decisions"": 1000, ""scored_horizons"": 998, ""delta_mean_abs"": 0.071875}"
moderate,2002,proposed_cal,"{""gamma"": 0.005}",20,2,4.491709674000049,0.6393961911166064,0.02344486827366662,0.020414596662770075,0.014890279595345331,0.026677788603394297,0.9767480510939018,0.6247485084516956,1.0,0.37525149154830434,0.6388573020527858,2.5301865972565025,10.0,5789680.074639799,0.9999053632541088,0.9587773757045169,10069798.540327426,3.2055040969826223,3.5962282494438114,1000,19000,"{""decisions"": 1000, ""scored_horizons"": 998, ""delta_mean_abs"": 0.04762500000000007}"
moderate,2003,proposed_cal,"{""gamma"": 0.005}",20,2,4.715965809000409,0.6571917781018464,0.034619609652649506,0.02851174028462338,0.01470061173205203,0.04027455269483987,0.9657858990944965,0.6385248146765914,1.0,0.36147518532340855,0.6579528422850036,2.9616468178445783,10.0,7501551.730297373,0.9995958463538098,0.9397639250231334,2898609.6607347317,3.401140782974835,3.6410091499874397,1000,19000,"{""decisions"": 1000, ""scored_horizons"": 998, ""delta_mean_abs"": 0.039624999999999994}"
high,2000,proposed_cal,"{""gamma"": 0.005}",20,2,4.7603610349997325,0.7940166564426582,0.09887985810334336,0.07759224188174053,0.030093341246915394,0.11874551128418889,0.9017738300675242,0.7144455872076418,1.0,0.2855544127923582,0.7884536025841227,4.27275145547456,10.0,12811064.755910652,0.9978244368680912,0.8666077797352638,9539852.614088345,3.469159529007811,3.6898743501751596,1000,19000,"{""decisions"": 1000, ""scored_horizons"": 998, ""delta_mean_abs"": 0.036749999999999956}"
high,2001,proposed_cal,"{""gamma"": 0.005}",20,2,4.655870925999807,0.8083775247891877,0.10322585846686633,0.08125759664314648,0.02918752618202404,0.12301965515824784,0.8967525676065907,0.7318891916598617,1.0,0.26811080834013834,0.8136073064543927,4.369560733092598,10.0,13795270.232520064,0.9961183193267229,0.8056390090781292,9970321.044590022,3.3923004360094637,3.5744916994190135,1000,19000,"{""decisions"": 1000, ""scored_horizons"": 998, ""delta_mean_abs"": 0.06650000000000002}"
high,2002,proposed_cal,"{""gamma"": 0.005}",20,2,4.770211680999637,0.7869491582973615,0.09601511786673246,0.07161196975937031,0.027123968385622435,0.12205022090566602,0.9042974647667705,0.7136397780717527,1.0,0.2863602219282473,0.7862859102188133,4.029894485537425,10.0,12112744.239030441,0.9974978365628839,0.8629519041585996,15394313.089913247,3.490444156000194,3.6701251998692896,1000,19000,"{""decisions"": 1000, ""scored_horizons"": 998, ""delta_mean_abs"": 0.06262499999999999}"
high,2003,proposed_cal,"{""gamma"": 0.005}",20,2,4.817906199999925,0.8088514192022725,0.12212493647302508,0.0943633943945716,0.03158893027942806,0.14782783379411832,0.8783319345188992,0.7219254942295006,1.0,0.27807450577049947,0.8097881135815428,4.3961968520456125,10.0,14592721.390055442,0.9957261289766923,0.8008806253423046,9819921.906676687,3.535314341987032,3.7055346997931338,1000,19000,"{""decisions"": 1000, ""scored_horizons"": 998, ""delta_mean_abs"": 0.08800000000000005}"
moderate,2000,proposed_cal,"{""gamma"": 0.01}",20,2,4.565140925000378,0.64513853335966,0.018949749796249214,0.018406396838370646,0.01719401740202389,0.019456808045685732,0.9813926203750274,0.6302625622648298,1.0,0.3697374377351702,0.6406185520995997,2.775136148693946,10.0,6267665.731668061,0.9999434469613819,0.966709403712503,5071772.217574022,3.2561792399937985,3.646404749224529,1000,19000,"{""decisions"": 1000, ""scored_horizons"": 998, ""delta_mean_abs"": 0.06424999999999995}"
moderate,2001,proposed_cal,"{""gamma"": 0.01}",20,2,4.472014031999606,0.656806738891215,0.020744106467589125,0.02157257633194846,0.02353624940532419,0.019997640306922786,0.979351589109568,0.6475551960356831,1.0,0.35244480396431693,0.661055936494194,2.8997204351654706,10.0,6876880.803635495,0.9998293992975538,0.9548261726766376,3730039.289946908,3.161047593010153,3.573355350226848,1000,19000,"{""decisions"": 1000, ""scored_horizons"": 998, ""delta_mean_abs"": 0.14375}"
moderate,2002,proposed_cal,"{""gamma"": 0.01}",20,2,4.498710582000058,0.6393961911166064,0.023614786656388383,0.021747273344253987,0.018342715275343917,0.025607189492862198,0.9765797508321764,0.6247829542893133,1.0,0.37521704571068676,0.6388573020527858,2.5372129948917315,10.0,5790822.859948705,0.9999097114331349,0.9608404913628995,10250885.617696255,3.1900590850045774,3.6800719497477985,1000,19000,"{""decisions"": 1000, ""scored_horizons"": 998, ""delta_mean_abs"": 0.0911250000000001}"
moderate,2003,proposed_cal,"{""gamma"": 0.01}",20,2,4.771811987000547,0.6571917781018464,0.03471510116959872,0.028547721695231502,0.01460202875050786,0.04042514137276558,0.965704567294264,0.6384533502221996,1.0,0.3615466497778004,0.6579528422850036,2.9711399116572546,10.0,7525051.56402036,0.999588267953955,0.9389632830363644,2748704.8202594323,3.441870076008854,4.083005249913185,1000,19000,"{""decisions"": 1000, ""scored_horizons"": 998, ""delta_mean_abs"": 0.07924999999999999}"
high,2000,proposed_cal,"{""gamma"": 0.01}",20,2,4.72680069999933,0.7940166564426582,0.10020039368424859,0.07787324241330698,0.028054834911158115,0.1210361434012455,0.9004163324743737,0.7132963341056971,1.0,0.28670366589430285,0.7884536025841227,4.282439371669235,10.0,12864544.519054929,0.9976020616523292,0.8644717619565241,10518981.160376053,3.4425117470045734,3.6657538499639486,1000,19000,"{""decisions"": 1000, ""scored_horizons"": 998, ""delta_mean_abs"": 0.07349999999999991}"
high,2001,proposed_cal,"{""gamma"": 0.01}",20,2,4.8311439979997886,0.8083775247891877,0.10257708942197794,0.08155348523706664,0.03172248085268261,0.12151973269049976,0.897430876312755,0.7323477197133389,1.0,0.2676522802866611,0.8136073064543927,4.3616936610793715,10.0,13753044.41625687,0.996317510032925,0.8085800466995753,9688345.186992593,3.4847055399905003,3.725999949892866,1000,19000,"{""decisions"": 1000, ""scored_horizons"": 998, ""delta_mean_abs"": 0.12625000000000003}"
high,2002,proposed_cal,"{""gamma"": 0.01}",20,2,4.7861225380002,0.7869491582973615,0.10284337934375089,0.07516823315481613,0.024715236834207812,0.1323692945853623,0.897429817590687,0.7089528213043933,1.0,0.2910471786956067,0.7862859102188133,4.077219925923858,10.0,12348827.57583686,0.9967361169384986,0.8527239500737412,16341832.215596206,3.467476575998262,4.007622050175995,1000,19000,"{""decisions"": 1000, ""scored_horizons"": 998, ""delta_mean_abs"": 0.11712499999999995}"
high,2003,proposed_cal,"{""gamma"": 0.01}",20,2,4.8499227969996355,0.8088514192022725,0.12951163068874344,0.09754796192122096,0.02527163907269756,0.15910504787051802,0.8708679952057492,0.71678897738175,1.0,0.28321102261825004,0.8097881135815428,4.477273586028005,10.0,14950495.52740075,0.9945938775010401,0.7871811922686238,11974033.287574373,3.5553706859973317,3.954860849898978,1000,19000,"{""decisions"": 1000, ""scored_horizons"": 998, ""delta_mean_abs"": 0.17225000000000007}"
moderate,2000,proposed_cal,"{""gamma"": 0.02}",20,2,4.659527429999798,0.64513853335966,0.01933147383108198,0.02009737082062819,0.02180631110892826,0.01861673697148291,0.9810221702640619,0.62998358479384,1.0,0.37001641520616,0.6406185520995997,2.739592017358763,10.0,6179665.683837571,0.9999370205691286,0.9684751657521381,4727388.443012718,3.3097429350082166,3.787911749986961,1000,19000,"{""decisions"": 1000, ""scored_horizons"": 998, ""delta_mean_abs"": 0.1324999999999999}"
moderate,2001,proposed_cal,"{""gamma"": 0.02}",20,2,4.584395652999774,0.656806738891215,0.021145692328491884,0.024247699163577507,0.031600202323358244,0.018350728706806322,0.978946509981384,0.6470089435634947,1.0,0.3529910564365053,0.661055936494194,2.823286661120755,10.0,6681182.476571114,0.9997955209217498,0.9583333815934509,3693028.3947909935,3.2201228220083067,3.7908066999989383,1000,19000,"{""decisions"": 1000, ""scored_horizons"": 998, ""delta_mean_abs"": 0.22099999999999986}"
moderate,2002,proposed_cal,"{""gamma"": 0.02}",20,2,4.60334672099998,0.6393961911166064,0.024396601515502967,0.023083569193550917,0.020689854108686307,0.02579744257277453,0.9758193374063339,0.6243144291510783,1.0,0.37568557084892173,0.6388573020527858,2.5723790920729517,10.0,5866395.189189494,0.9998907941292332,0.9604217508238917,10287000.605449371,3.2012691219970293,3.973238049957217,1000,19000,"{""decisions"": 1000, ""scored_horizons"": 998, ""delta_mean_abs"": 0.13700000000000007}"
moderate,2003,proposed_cal,"{""gamma"": 0.02}",20,2,4.742680499000016,0.6571917781018464,0.035132087511289614,0.02887726217660971,0.014733836447276905,0.04092308906604208,0.9652845694124709,0.6381574953198915,1.0,0.3618425046801085,0.6579528422850036,2.993902860197516,10.0,7583207.92204639,0.9995724655996121,0.9372738100779644,3045270.2032477125,3.376723810988551,3.788872899576745,1000,19000,"{""decisions"": 1000, ""scored_horizons"": 998, ""delta_mean_abs"": 0.1097499999999999}"
high,2000,proposed_cal,"{""gamma"": 0.02}",20,2,4.883628279000732,0.7940166564426582,0.10399201217575348,0.07970293915658903,0.025506910167748295,0.12665863185077794,0.8965970105546417,0.710132683127597,1.0,0.28986731687240297,0.7884536025841227,4.319473390226448,10.0,13023776.746551925,0.9971228528023366,0.8594046559450993,11262097.304123007,3.5458717070196144,3.8186931496056786,1000,19000,"{""decisions"": 1000, ""scored_horizons"": 998, ""delta_mean_abs"": 0.1452499999999999}"
high,2001,proposed_cal,"{""gamma"": 0.02}",20,2,4.98604737200003,0.8083775247891877,0.10314118794884038,0.08373686970136025,0.03774396291137522,0.12062482563522192,0.8968942328282332,0.732137854441495,1.0,0.267862145558505,0.8136073064543927,4.375236057835809,10.0,13767552.47936891,0.9965658815266527,0.8094983903358202,9775432.683338828,3.5983647999964887,3.9591292008026358,1000,19000,"{""decisions"": 1000, ""scored_horizons"": 998, ""delta_mean_abs"": 0.19424999999999995}"
high,2002,proposed_cal,"{""gamma"": 0.02}",20,2,5.049307950999719,0.7869491582973615,0.11022164005222092,0.07983482912822891,0.02443834994517892,0.14264056198598773,0.8900354981284343,0.7037021024649359,1.0,0.296297897535064,0.7862859102188133,4.127638204045633,10.0,12586642.84396066,0.9959141465458611,0.8430216194433269,16784002.965350248,3.6358165989986446,4.166392250181161,1000,19000,"{""decisions"": 1000, ""scored_horizons"": 998, ""delta_mean_abs"": 0.17949999999999994}"
high,2003,proposed_cal,"{""gamma"": 0.02}",20,2,4.8409774329993525,0.8088514192022725,0.14309380986219916,0.10442234088200847,0.016978324446733462,0.17889761332688964,0.8572728232943909,0.7067273967303747,1.0,0.2932726032696253,0.8097881135815428,4.59439120476678,10.0,15502722.165798025,0.9923534746191643,0.7675100710188814,12411273.219274763,3.533478636025393,3.8330917001985654,1000,19000,"{""decisions"": 1000, ""scored_horizons"": 998, ""delta_mean_abs"": 0.20900000000000005}"
